Наименование,price
Потолочная люстра Leon D80,60710
Потолочная люстра Fascicule 50×38 золото,45188
Потолочная люстра Atomos D85,74000
Потолочная люстра Lumion URSULA 5283/96CL,13500
Потолочная люстра Lumion MIKA 5659/99CL,9950
Потолочная люстра Lumion RUANA 8239/5CL,7560
Потолочная люстра Lumion SUNDAY 6526/7C,14200
Потолочная люстра Lumion BRAD 5652/72CL,7150
Потолочная люстра Lumion BRAD 5651/99CL,11450
Потолочная люстра Lumion URSULA 5282/99CL,17300
Потолочная люстра Lumion MIKA 5659/72CL,6990
Потолочная люстра Lumion TIDINA 8238/8C,9990
